n,tipo,dominio,muestra,algoritmo,tiempo_ms
16,dispersa,D0,a,naive,0.0042
16,dispersa,D0,a,strassen,1.2629
16,dispersa,D0,b,naive,0.003
16,dispersa,D0,b,strassen,1.2659
16,dispersa,D0,c,naive,0.0029
16,dispersa,D0,c,strassen,1.2281
16,dispersa,D10,a,naive,0.0031
16,dispersa,D10,a,strassen,1.3335
16,dispersa,D10,b,naive,0.0034
16,dispersa,D10,b,strassen,1.5321
16,dispersa,D10,c,naive,0.003
16,dispersa,D10,c,strassen,1.2548
16,diagonal,D0,a,naive,0.0028
16,diagonal,D0,a,strassen,1.2384
16,diagonal,D0,b,naive,0.0028
16,diagonal,D0,b,strassen,1.2325
16,diagonal,D0,c,naive,0.0032
16,diagonal,D0,c,strassen,1.4827
16,diagonal,D10,a,naive,0.0043
16,diagonal,D10,a,strassen,1.4707
16,diagonal,D10,b,naive,0.0045
16,diagonal,D10,b,strassen,1.2721
16,diagonal,D10,c,naive,0.0029
16,diagonal,D10,c,strassen,1.2526
16,densa,D0,a,naive,0.006
16,densa,D0,a,strassen,2.0747
16,densa,D0,b,naive,0.0032
16,densa,D0,b,strassen,1.3468
16,densa,D0,c,naive,0.0042
16,densa,D0,c,strassen,1.2428
16,densa,D10,a,naive,0.0044
16,densa,D10,a,strassen,1.2612
16,densa,D10,b,naive,0.0031
16,densa,D10,b,strassen,1.4821
16,densa,D10,c,naive,0.003
16,densa,D10,c,strassen,1.2432
64,dispersa,D0,a,naive,0.0571
64,dispersa,D0,a,strassen,61.0713
64,dispersa,D0,b,naive,0.0503
64,dispersa,D0,b,strassen,60.5208
64,dispersa,D0,c,naive,0.0735
64,dispersa,D0,c,strassen,61.5265
64,dispersa,D10,a,naive,0.0864
64,dispersa,D10,a,strassen,63.3476
64,dispersa,D10,b,naive,0.0753
64,dispersa,D10,b,strassen,61.5128
64,dispersa,D10,c,naive,0.0501
64,dispersa,D10,c,strassen,64.2014
64,diagonal,D0,a,naive,0.0506
64,diagonal,D0,a,strassen,60.8371
64,diagonal,D0,b,naive,0.0712
64,diagonal,D0,b,strassen,61.9639
64,diagonal,D0,c,naive,0.0716
64,diagonal,D0,c,strassen,61.0979
64,diagonal,D10,a,naive,0.0849
64,diagonal,D10,a,strassen,61.1215
64,diagonal,D10,b,naive,0.06
64,diagonal,D10,b,strassen,79.6353
64,diagonal,D10,c,naive,0.0776
64,diagonal,D10,c,strassen,66.6654
64,densa,D0,a,naive,0.0494
64,densa,D0,a,strassen,61.9466
64,densa,D0,b,naive,0.0525
64,densa,D0,b,strassen,61.5541
64,densa,D0,c,naive,0.0899
64,densa,D0,c,strassen,62.7409
64,densa,D10,a,naive,0.0504
64,densa,D10,a,strassen,62.1302
64,densa,D10,b,naive,0.0692
64,densa,D10,b,strassen,61.4611
64,densa,D10,c,naive,0.0515
64,densa,D10,c,strassen,63.3227
256,dispersa,D0,a,naive,3.3801
256,dispersa,D0,a,strassen,3037.63
256,dispersa,D0,b,naive,2.4153
256,dispersa,D0,b,strassen,3008.79
256,dispersa,D0,c,naive,2.6735
256,dispersa,D0,c,strassen,3658.64
256,dispersa,D10,a,naive,3.1392
256,dispersa,D10,a,strassen,3405.89
256,dispersa,D10,b,naive,2.882
256,dispersa,D10,b,strassen,3518.98
256,dispersa,D10,c,naive,2.7198
256,dispersa,D10,c,strassen,3085.74
256,diagonal,D0,a,naive,2.3569
256,diagonal,D0,a,strassen,3034.61
256,diagonal,D0,b,naive,2.8163
256,diagonal,D0,b,strassen,3038.3
256,diagonal,D0,c,naive,2.8358
256,diagonal,D0,c,strassen,3042.08
256,diagonal,D10,a,naive,2.4196
256,diagonal,D10,a,strassen,3016.94
256,diagonal,D10,b,naive,2.2919
256,diagonal,D10,b,strassen,3017.23
256,diagonal,D10,c,naive,2.4688
256,diagonal,D10,c,strassen,3014.06
256,densa,D0,a,naive,2.3441
256,densa,D0,a,strassen,3039.07
256,densa,D0,b,naive,2.8389
256,densa,D0,b,strassen,3063.19
256,densa,D0,c,naive,2.6523
256,densa,D0,c,strassen,3658.23
256,densa,D10,a,naive,3.7676
256,densa,D10,a,strassen,4117.22
256,densa,D10,b,naive,3.535
256,densa,D10,b,strassen,4224.67
256,densa,D10,c,naive,3.2865
256,densa,D10,c,strassen,3174.93
1024,dispersa,D0,a,naive,151.88
1024,dispersa,D0,a,strassen,155062
1024,dispersa,D0,b,naive,227.847
1024,dispersa,D0,b,strassen,182802
1024,dispersa,D0,c,naive,238.668
1024,dispersa,D0,c,strassen,168289
1024,dispersa,D10,a,naive,151.579
1024,dispersa,D10,a,strassen,151966
1024,dispersa,D10,b,naive,164.235
1024,dispersa,D10,b,strassen,152971
1024,dispersa,D10,c,naive,154.564
1024,dispersa,D10,c,strassen,152657
1024,diagonal,D0,a,naive,150.735
1024,diagonal,D0,a,strassen,153048
1024,diagonal,D0,b,naive,159.427
1024,diagonal,D0,b,strassen,153404
1024,diagonal,D0,c,naive,152.048
1024,diagonal,D0,c,strassen,152632
1024,diagonal,D10,a,naive,149.943
1024,diagonal,D10,a,strassen,152562
1024,diagonal,D10,b,naive,151.39
1024,diagonal,D10,b,strassen,152142
1024,diagonal,D10,c,naive,150.789
1024,diagonal,D10,c,strassen,152834
1024,densa,D0,a,naive,153.587
1024,densa,D0,a,strassen,160320
1024,densa,D0,b,naive,150.114
1024,densa,D0,b,strassen,152517
1024,densa,D0,c,naive,150.643
1024,densa,D0,c,strassen,152646
1024,densa,D10,a,naive,154.874
1024,densa,D10,a,strassen,153039
1024,densa,D10,b,naive,160.659
1024,densa,D10,b,strassen,152302
1024,densa,D10,c,naive,151.057
1024,densa,D10,c,strassen,152283
